Node;U;V
0.00000000000000;-0.32448928410360;0.05167826522799
1.00000000000000;-0.14650421695259;0.14809302486308
2.00000000000000;0.05921411383792;1.12007883365634
3.00000000000000;0.27193607682040;1.10543675288740
4.00000000000000;0.24027474278417;0.10310236652972
5.00000000000000;-0.36170115453576;0.02067469460609
6.00000000000000;0.21314547843526;0.10038219992942
7.00000000000000;0.18359206493140;0.09786263089105
8.00000000000000;0.15270101135876;0.09553737487815
9.00000000000000;0.12164299511799;0.09351921656870
10.00000000000000;0.09046237668423;0.09178503450646
11.00000000000000;0.05920009526698;0.08989889662600
12.00000000000000;0.02868494213479;0.08797800052200
13.00000000000000;-0.00054878187253;0.08566031098350
14.00000000000000;-0.02859360454288;0.08351788310084
15.00000000000000;-0.05541031595438;0.08206384885849
16.00000000000000;-0.08141336873329;0.08053801022770
17.00000000000000;-0.10637866894907;0.07854006553971
18.00000000000000;-0.12976359440842;0.07648537696448
19.00000000000000;-0.15158845448743;0.07429723723651
20.00000000000000;-0.17156602391585;0.07163531456927
21.00000000000000;-0.18944174701569;0.06880596462484
22.00000000000000;-0.20584228917203;0.06598281058692
23.00000000000000;-0.22111324809494;0.06370224581337
24.00000000000000;-0.23535103457775;0.06207553479785
25.00000000000000;-0.24824690923343;0.06048775555895
26.00000000000000;-0.25969000763863;0.05896704344110
27.00000000000000;-0.27032924100767;0.05773196487133
28.00000000000000;-0.27987368400549;0.05676247128478
29.00000000000000;-0.28846926850813;0.05599420481116
30.00000000000000;-0.29649753379025;0.05530398615021
31.00000000000000;-0.30406431129361;0.05452623654237
32.00000000000000;-0.31132274497035;0.05370409527504
33.00000000000000;-0.31822239301115;0.05284751942508
34.00000000000000;-0.32412187074533;0.06291142738610
35.00000000000000;-0.32278837701307;0.07234294997321
36.00000000000000;-0.32114801882015;0.08075741080278
37.00000000000000;-0.31964565614421;0.08903903551256
38.00000000000000;-0.31848309496472;0.09772270877608
39.00000000000000;-0.31697283080547;0.10456385828373
40.00000000000000;-0.31435298214778;0.10992811447053
41.00000000000000;-0.31164632866740;0.11709544809845
42.00000000000000;-0.30812716856666;0.12259781985701
43.00000000000000;-0.30397146995564;0.12750567334155
44.00000000000000;-0.29916593785791;0.13128283428921
45.00000000000000;-0.29437614576100;0.13564115302512
46.00000000000000;-0.28917637509904;0.13834994582838
47.00000000000000;-0.28269543772000;0.14025728324364
48.00000000000000;-0.27575585676896;0.14166872879872
49.00000000000000;-0.26869432751698;0.14302438329605
50.00000000000000;-0.26100824046523;0.14392775380857
51.00000000000000;-0.25244627052493;0.14496161847208
52.00000000000000;-0.24348332810576;0.14589570314321
53.00000000000000;-0.23454138801924;0.14700507029830
54.00000000000000;-0.22564884419283;0.14826068429936
55.00000000000000;-0.21720761349862;0.14845564707176
56.00000000000000;-0.20803006083008;0.14880987042479
57.00000000000000;-0.19774435177203;0.14912028809860
58.00000000000000;-0.18532394154425;0.14799117247030
59.00000000000000;-0.16868471577551;0.14518764093013
60.00000000000000;-0.13212943077893;0.16900251045442
61.00000000000000;-0.10784664660170;0.21044542872952
62.00000000000000;-0.07284800003804;0.26916184213158
63.00000000000000;-0.03716442176973;0.34178163820468
64.00000000000000;-0.01079570610903;0.42591617363572
65.00000000000000;-0.00432209182893;0.52600440481770
66.00000000000000;-0.00436496650130;0.62688977517851
67.00000000000000;-0.00593916857854;0.72141082568245
68.00000000000000;-0.00549074648517;0.80451712612714
69.00000000000000;-0.00052956318925;0.87760729839928
70.00000000000000;0.01928858000775;0.93972354106067
71.00000000000000;0.03343123511337;1.00103950098849
72.00000000000000;0.04616931231792;1.07844919516881
73.00000000000000;0.08413833629522;1.12672852902923
74.00000000000000;0.10647535036956;1.11815645538389
75.00000000000000;0.12526158916919;1.11133204823365
76.00000000000000;0.14558304280734;1.10487400978376
77.00000000000000;0.15526311439551;1.08856622829291
78.00000000000000;0.16463301039848;1.08250461753795
79.00000000000000;0.17749751106332;1.08008434999443
80.00000000000000;0.18819708358823;1.08019658566751
81.00000000000000;0.19675960575788;1.07871891648501
82.00000000000000;0.20605105091667;1.07977721992726
83.00000000000000;0.21278952570535;1.08135872321134
84.00000000000000;0.21867456190662;1.08290424239205
85.00000000000000;0.22604253855966;1.08286558657818
86.00000000000000;0.23109878177847;1.08584436547069
87.00000000000000;0.23612093486088;1.08678620145582
88.00000000000000;0.24039232825320;1.08949330630127
89.00000000000000;0.24425609407488;1.09153405528204
90.00000000000000;0.24824675928639;1.09237785853251
91.00000000000000;0.25088055453056;1.09432271810000
92.00000000000000;0.25404251061589;1.09584633880713
93.00000000000000;0.25656932050073;1.09708449859276
94.00000000000000;0.25970136559222;1.09896698296204
95.00000000000000;0.26212505237889;1.09986598864345
96.00000000000000;0.26496934940263;1.10133833449015
97.00000000000000;0.26740530148706;1.10190953511922
98.00000000000000;0.26970618789974;1.10260944808456
99.00000000000000;0.27173682655396;1.09254840198215
100.00000000000000;0.27158908394768;1.07992228026174
101.00000000000000;0.27136822407348;1.06694662274567
102.00000000000000;0.27091811148768;1.05366296121892
103.00000000000000;0.27037501571894;1.04028059433249
104.00000000000000;0.27005752661344;1.02683382733115
105.00000000000000;0.26970582244834;1.01369941185683
106.00000000000000;0.26908936477434;0.99996976323539
107.00000000000000;0.26844359596956;0.98506128708956
108.00000000000000;0.26785367726865;0.96932022387170
109.00000000000000;0.26723289368839;0.95317567917466
110.00000000000000;0.26647419047515;0.93637977327754
111.00000000000000;0.26573874929932;0.91832069377820
112.00000000000000;0.26508677208401;0.89898674971898
113.00000000000000;0.26435225981834;0.87882550648864
114.00000000000000;0.26396738388186;0.85757378264507
115.00000000000000;0.26326287156930;0.83520028692052
116.00000000000000;0.26219696070458;0.81139438463092
117.00000000000000;0.26090419715842;0.78550210376933
118.00000000000000;0.25974647059474;0.75825183625636
119.00000000000000;0.25894252991488;0.72952212599142
120.00000000000000;0.25823708974314;0.69846201156409
121.00000000000000;0.25771020762462;0.66613678394008
122.00000000000000;0.25747242521500;0.63343411640652
123.00000000000000;0.25696843121221;0.59902317254808
124.00000000000000;0.25595045328530;0.56266302864252
125.00000000000000;0.25463758106042;0.52485226138215
126.00000000000000;0.25340916957566;0.48604570275306
127.00000000000000;0.25291905519412;0.44672599752567
128.00000000000000;0.25253643423833;0.40578989104479
129.00000000000000;0.25165754115044;0.36342660521112
130.00000000000000;0.25088040098397;0.32083473368829
131.00000000000000;0.25012864915685;0.27754530727356
132.00000000000000;0.24901094019262;0.23357367132068
133.00000000000000;0.24729904010763;0.18903881602375
134.00000000000000;0.24433126294430;0.14527705215106
135.00000000000000;-0.35831668925326;0.02775877750796
136.00000000000000;-0.35536727429984;0.02809006521777
137.00000000000000;-0.35270846090004;0.02456591503488
138.00000000000000;-0.34977069348944;0.02119989165794
139.00000000000000;-0.34577704799721;0.01786723299146
140.00000000000000;-0.34177803680757;0.01478524816420
141.00000000000000;-0.33715464605731;0.01159894839263
142.00000000000000;-0.33125419398707;0.00956266814341
143.00000000000000;-0.32498227194646;0.00746268263430
144.00000000000000;-0.31834473537728;0.00507762243567
145.00000000000000;-0.31200576146072;0.00293328621127
146.00000000000000;-0.30489608416324;0.00135634359888
147.00000000000000;-0.29710512768762;0.00011992373052
148.00000000000000;-0.28921400504884;-0.00108688150345
149.00000000000000;-0.28135667846194;-0.00169874912353
150.00000000000000;-0.27363061941250;-0.00224500743305
151.00000000000000;-0.26551648396487;-0.00315302716504
152.00000000000000;-0.25733773184317;-0.00368919934957
153.00000000000000;-0.24895891578773;-0.00400910779829
154.00000000000000;-0.24045966745529;-0.00407238358903
155.00000000000000;-0.23145925679931;-0.00424425426825
156.00000000000000;-0.22236985860232;-0.00319017273940
157.00000000000000;-0.21432402193992;-0.00075229055049
158.00000000000000;-0.20645922916244;0.00287780287033
159.00000000000000;-0.19920577355700;0.00783215224420
160.00000000000000;-0.19273351235464;0.01389701746178
161.00000000000000;-0.18753411168188;0.02170020808446
162.00000000000000;-0.18327396425397;0.02990921844472
163.00000000000000;-0.18031637012462;0.03840097649898
164.00000000000000;-0.17924999646492;0.04767174588771
165.00000000000000;-0.17808522205481;0.05584758898198
166.00000000000000;-0.17740465796960;0.06405895671192
167.00000000000000;-0.17593391390141;0.07310044517025
168.00000000000000;-0.17559044066742;0.08199680685772
169.00000000000000;-0.17359220238348;0.09137052955974
170.00000000000000;-0.17103588634506;0.10019223985821
171.00000000000000;-0.16677234880151;0.11078143272938
172.00000000000000;-0.16199806859190;0.12375514805328
173.00000000000000;-0.15543904677347;0.13470283682749
174.00000000000000;-0.33000368604410;0.05039884054255
175.00000000000000;-0.33504384886788;0.04939836175161
176.00000000000000;-0.33997228996252;0.04865110530139
177.00000000000000;-0.34483141194414;0.04777887280582
178.00000000000000;-0.34927523664771;0.04667804997851
179.00000000000000;-0.35322787610361;0.04559939296238
180.00000000000000;-0.35662475895087;0.04475514223998
181.00000000000000;-0.35944590556289;0.04397250841241
182.00000000000000;-0.36176773158746;0.04292899575267
183.00000000000000;-0.36372723383308;0.04175338293937
184.00000000000000;-0.36532791829664;0.04062341129979
185.00000000000000;-0.36646911926893;0.03950468535784
186.00000000000000;-0.36710082456497;0.03840027850762
187.00000000000000;-0.36728160820556;0.03719584988681
188.00000000000000;-0.36713669608667;0.03565025607876
189.00000000000000;-0.36666271518458;0.03373774037748
190.00000000000000;-0.36558489321792;0.03137630263668
191.00000000000000;-0.36366157415807;0.02770472163915
192.00000000000000;-0.10409127382454;0.28994038437911
193.00000000000000;-0.15675091998923;0.17057846502573
194.00000000000000;-0.13715508775624;0.21642338057889
195.00000000000000;-0.14725523733739;0.27320930252325
196.00000000000000;-0.16899168461685;0.25790137240361
197.00000000000000;-0.18194490307535;0.24385235194945
198.00000000000000;-0.19382271049913;0.23358875617360
199.00000000000000;-0.20448109941962;0.22437784130614
200.00000000000000;-0.21497519431071;0.21722296843573
201.00000000000000;-0.22488598576898;0.21018059881532
202.00000000000000;-0.23520517221114;0.20279490979697
203.00000000000000;-0.24486203848236;0.19666844096748
204.00000000000000;-0.25364861400056;0.19025904282858
205.00000000000000;-0.26195309642067;0.18392779356867
206.00000000000000;-0.26939725918611;0.17660687485525
207.00000000000000;-0.27536006489118;0.17066784845152
208.00000000000000;-0.28122119291660;0.16491125658899
209.00000000000000;-0.28676353023210;0.15833319975586
210.00000000000000;-0.29034294273116;0.15145366818936
211.00000000000000;-0.29283549007375;0.14411868556572
212.00000000000000;-0.29592938485176;0.13572226071023
213.00000000000000;-0.29838137053044;0.12651431325598
214.00000000000000;-0.30046482026968;0.11813820757486
215.00000000000000;-0.30143630360273;0.10848231138029
216.00000000000000;-0.30320827719206;0.09958179975095
217.00000000000000;-0.30364777538658;0.08964417440591
218.00000000000000;-0.30302541650379;0.07920016193336
219.00000000000000;-0.30379488612649;0.06784832159757
220.00000000000000;0.07358544812636;1.07996683309505
221.00000000000000;0.05981573624953;1.01857819842099
222.00000000000000;0.04733373824355;0.96158435591564
223.00000000000000;0.02874758174102;0.89830556461581
224.00000000000000;0.01924996086124;0.82790412844539
225.00000000000000;0.01394597001149;0.74442915217952
226.00000000000000;0.01270576916837;0.64471589577789
227.00000000000000;0.00598153702946;0.54183849907788
228.00000000000000;-0.00262862285446;0.43918533149397
229.00000000000000;-0.04226258108534;0.35903469935668
230.00000000000000;0.25920122515516;0.95103113748222
231.00000000000000;0.25150162212056;0.94923717300798
232.00000000000000;0.24304802726986;0.94624811318665
233.00000000000000;0.23589499017413;0.94206569690644
234.00000000000000;0.22780432902125;0.93775893038732
235.00000000000000;0.21882858874068;0.93057491845905
236.00000000000000;0.20940863088692;0.92335833541281
237.00000000000000;0.20034149165652;0.91439716842180
238.00000000000000;0.19175778680503;0.90476653679676
239.00000000000000;0.18105376976077;0.89207752889976
240.00000000000000;0.17062721671062;0.87896493101983
241.00000000000000;0.15887523090301;0.86367708914313
242.00000000000000;0.14654509000739;0.84721479159649
243.00000000000000;0.13372359138098;0.82767277550710
244.00000000000000;0.12021437548006;0.80668357199783
245.00000000000000;0.10531376918714;0.78411600574161
246.00000000000000;0.09031439218179;0.75864986217489
247.00000000000000;0.07310356135398;0.72822869616789
248.00000000000000;0.05329737264265;0.69594193653650
249.00000000000000;0.03317912522315;0.65652516911991
250.00000000000000;0.00867568736159;0.61112272146158
251.00000000000000;-0.01566506050314;0.55899595449502
252.00000000000000;-0.03938115870267;0.50272832044798
253.00000000000000;-0.06455735425020;0.44247059104061
254.00000000000000;-0.08753706139460;0.36902748029023
255.00000000000000;-0.31103025523879;0.06621910611392
256.00000000000000;-0.31806343723883;0.06494455159870
257.00000000000000;-0.31069506646197;0.07677173994172
258.00000000000000;-0.31728133040125;0.07472007620641
259.00000000000000;-0.31021564944844;0.08707536870329
260.00000000000000;-0.31509891285098;0.08342127426586
261.00000000000000;-0.30877622523923;0.09553214624073
262.00000000000000;-0.31401477245392;0.09250256772775
263.00000000000000;-0.30775744751080;0.10446461506418
264.00000000000000;-0.31341684363263;0.10070775803702
265.00000000000000;-0.30633728057066;0.11273780275187
266.00000000000000;-0.31187529720069;0.10806878751531
267.00000000000000;-0.30417032116774;0.12083542302140
268.00000000000000;-0.30932488704019;0.11544279137618
269.00000000000000;-0.30190278207807;0.12856195489313
270.00000000000000;-0.30678292806247;0.12288734473301
271.00000000000000;-0.29915830936152;0.13629754404957
272.00000000000000;-0.30410684374611;0.12879729954086
273.00000000000000;-0.29524522648041;0.14298144620749
274.00000000000000;-0.30014716068741;0.13505778421593
275.00000000000000;-0.29190829834069;0.14866960585902
276.00000000000000;-0.29536813731293;0.13972574037212
277.00000000000000;-0.28691082947402;0.15319230081263
278.00000000000000;-0.29079449635137;0.14401167156381
279.00000000000000;-0.28111092916794;0.15816037072823
280.00000000000000;-0.28579683806909;0.14690749096452
281.00000000000000;-0.27523011167998;0.16275616591922
282.00000000000000;-0.27972043643509;0.15005481210903
283.00000000000000;-0.26805404771710;0.16694059620021
284.00000000000000;-0.27262459974621;0.15280996227518
285.00000000000000;-0.26000181957799;0.17145701019615
286.00000000000000;-0.26510893998474;0.15555417954031
287.00000000000000;-0.25156194686377;0.17586220566521
288.00000000000000;-0.25719925057217;0.15824881027964
289.00000000000000;-0.24260446186967;0.17953319898926
290.00000000000000;-0.24786575020936;0.16057313807247
291.00000000000000;-0.23327018007994;0.18368217037332
292.00000000000000;-0.23930548565504;0.16293475195957
293.00000000000000;-0.22368637649403;0.18789043190461
294.00000000000000;-0.22979200171846;0.16555829327999
295.00000000000000;-0.21425103947154;0.19366655482967
296.00000000000000;-0.22112324288760;0.16727673288274
297.00000000000000;-0.20420662098172;0.19945605457932
298.00000000000000;-0.21199895698514;0.16927818578031
299.00000000000000;-0.19393137285140;0.20529230501175
300.00000000000000;-0.20239263233720;0.17190858104419
301.00000000000000;-0.18322274266195;0.21188678967971
302.00000000000000;-0.19245547828818;0.17360989347398
303.00000000000000;-0.16614846097186;0.21710513356237
304.00000000000000;-0.17870134153188;0.17443182951431
305.00000000000000;0.09774103796813;1.06587635163985
306.00000000000000;0.11360599256299;1.05853598018240
307.00000000000000;0.13208543212843;1.05311841135819
308.00000000000000;0.14798485912483;1.05022725931348
309.00000000000000;0.16253957172325;1.04769572629881
310.00000000000000;0.17565713180512;1.05051386171935
311.00000000000000;0.18623259429561;1.05079431498637
312.00000000000000;0.19623115945492;1.05090149100906
313.00000000000000;0.20489991782384;1.05520716358566
314.00000000000000;0.21298755153809;1.05888676363394
315.00000000000000;0.21926550293061;1.06093772994476
316.00000000000000;0.22493980650122;1.06273089897527
317.00000000000000;0.23041623337941;1.06608887959720
318.00000000000000;0.23476193171358;1.06853335743519
319.00000000000000;0.23887694089030;1.07216145372795
320.00000000000000;0.24369705683750;1.07474234427255
321.00000000000000;0.24781750635895;1.07686657877089
322.00000000000000;0.25060530162163;1.07817977155633
323.00000000000000;0.25303170458946;1.08121263297467
324.00000000000000;0.25571848289281;1.08317602302094
325.00000000000000;0.25948386429279;1.08431058916388
326.00000000000000;0.26185402142711;1.08588725838310
327.00000000000000;0.26537543979497;1.08734549366358
328.00000000000000;0.26678087572728;1.08771396210100
329.00000000000000;0.26897002002299;1.08974395158668
330.00000000000000;0.08738219191650;1.01758809704193
331.00000000000000;0.10771217849024;1.01149556015857
332.00000000000000;0.12696502117254;1.01066245344063
333.00000000000000;0.14491843109866;1.01067751443182
334.00000000000000;0.15905507464562;1.01279930974028
335.00000000000000;0.17297477841937;1.01672906661042
336.00000000000000;0.18412271197778;1.01983647304458
337.00000000000000;0.19492493164312;1.02392921280240
338.00000000000000;0.20349497297542;1.02739964824865
339.00000000000000;0.21093648724353;1.03270516136468
340.00000000000000;0.21780618746572;1.03800165070595
341.00000000000000;0.22286693162199;1.04105307117091
342.00000000000000;0.22924170122523;1.04660628001578
343.00000000000000;0.23325403278736;1.04995816916543
344.00000000000000;0.23845976223597;1.05315969425372
345.00000000000000;0.24219621447802;1.05621782593222
346.00000000000000;0.24558647383045;1.06064756198965
347.00000000000000;0.24869382550909;1.06383224927963
348.00000000000000;0.25253114678548;1.06578335058744
349.00000000000000;0.25477358526614;1.06842926900002
350.00000000000000;0.25825718887889;1.07038592637732
351.00000000000000;0.26112181162497;1.07208241187140
352.00000000000000;0.26372050780841;1.07392055705021
353.00000000000000;0.26631138556230;1.07628258198516
354.00000000000000;0.26884521858115;1.07759172767429
355.00000000000000;0.07433212810619;0.96263729152877
356.00000000000000;0.09859569684618;0.96350990447326
357.00000000000000;0.12024396456277;0.96567459217233
358.00000000000000;0.13924947603692;0.97042136257668
359.00000000000000;0.15441403441680;0.97523060128942
360.00000000000000;0.16867289882175;0.97900385299972
361.00000000000000;0.18146449301023;0.98581692348044
362.00000000000000;0.19179710994275;0.99336043026641
363.00000000000000;0.20103539713667;0.99913865386975
364.00000000000000;0.20813665270293;1.00613278315972
365.00000000000000;0.21495220170779;1.01368037443856
366.00000000000000;0.22164702921429;1.02063995149341
367.00000000000000;0.22645858901833;1.02587825002163
368.00000000000000;0.23099187126056;1.03051229974624
369.00000000000000;0.23569528647844;1.03562648354681
370.00000000000000;0.23943700441213;1.04017705848945
371.00000000000000;0.24258666071255;1.04399484555553
372.00000000000000;0.24604288442107;1.04845070681438
373.00000000000000;0.24962018747059;1.05151142483380
374.00000000000000;0.25333539622595;1.05389826075828
375.00000000000000;0.25681012011460;1.05703397774507
376.00000000000000;0.25927770414521;1.05946541497142
377.00000000000000;0.26227984140518;1.06092432762404
378.00000000000000;0.26547056157467;1.06259133900416
379.00000000000000;0.26830217869057;1.06451463965815
380.00000000000000;0.06004057174711;0.90183484804881
381.00000000000000;0.08758008587050;0.90754633418615
382.00000000000000;0.11191572433132;0.91476905054591
383.00000000000000;0.13303805652917;0.92306116032052
384.00000000000000;0.15034994188806;0.93149477474490
385.00000000000000;0.16566532255832;0.93971892416789
386.00000000000000;0.17690896544010;0.95095585223842
387.00000000000000;0.18789228909257;0.96178107478147
388.00000000000000;0.19621461644545;0.97167982175384
389.00000000000000;0.20351355690239;0.98005282915268
390.00000000000000;0.21015606475421;0.98896608543549
391.00000000000000;0.21708718054199;0.99837875800220
392.00000000000000;0.22321828900420;1.00578435580654
393.00000000000000;0.22697887397173;1.01170797796083
394.00000000000000;0.23154579904051;1.01820125239381
395.00000000000000;0.23622847317029;1.02421997949561
396.00000000000000;0.23976966979720;1.02767388333357
397.00000000000000;0.24396501118871;1.03249088846879
398.00000000000000;0.24751263370744;1.03620172313613
399.00000000000000;0.25166146841938;1.03981357678695
400.00000000000000;0.25423321608455;1.04253659594945
401.00000000000000;0.25752274355941;1.04532143658164
402.00000000000000;0.26070765957070;1.04821342556395
403.00000000000000;0.26417555212197;1.04941116068355
404.00000000000000;0.26738266674425;1.05105479827103
405.00000000000000;0.04988486033688;0.83645186666282
406.00000000000000;0.07871285620105;0.84417096897618
407.00000000000000;0.10459718099281;0.85529359534174
408.00000000000000;0.12665278525083;0.87075909417320
409.00000000000000;0.14277857868760;0.88739587308100
410.00000000000000;0.15590371856030;0.90216069849204
411.00000000000000;0.16997572965285;0.91611099714966
412.00000000000000;0.17957046554842;0.92979490886530
413.00000000000000;0.18859593132575;0.94184113250099
414.00000000000000;0.19670879488690;0.95437967746351
415.00000000000000;0.20399086387302;0.96516237411071
416.00000000000000;0.21005427223283;0.97504010137550
417.00000000000000;0.21662001032249;0.98504625189107
418.00000000000000;0.22183992126098;0.99347909779575
419.00000000000000;0.22687781064271;1.00019090039727
420.00000000000000;0.23148942866037;1.00587949547478
421.00000000000000;0.23629657061432;1.01197708771371
422.00000000000000;0.24038529761087;1.01609729109656
423.00000000000000;0.24473084442541;1.02051078698297
424.00000000000000;0.24866129468029;1.02625926378649
425.00000000000000;0.25206318233767;1.02990700617518
426.00000000000000;0.25581962382519;1.03206646975299
427.00000000000000;0.25909827212229;1.03501725338060
428.00000000000000;0.26232971606906;1.03711758330217
429.00000000000000;0.26617063269427;1.03812833596151
430.00000000000000;0.04283296591287;0.76034570420661
431.00000000000000;0.07341662886113;0.77632909386474
432.00000000000000;0.09628102223486;0.79640465538548
433.00000000000000;0.11491748442155;0.81734892287586
434.00000000000000;0.13129821196560;0.84100817373952
435.00000000000000;0.14702404139225;0.85979187607404
436.00000000000000;0.15863145870946;0.87830314340350
437.00000000000000;0.16906014003771;0.89659376304731
438.00000000000000;0.17927450532374;0.91288488584189
439.00000000000000;0.18787385891399;0.92721787916206
440.00000000000000;0.19535287241859;0.94019523621415
441.00000000000000;0.20201625320975;0.95294871731095
442.00000000000000;0.20846520642600;0.96331706461521
443.00000000000000;0.21429658646526;0.97302756291831
444.00000000000000;0.22080540279672;0.98115405885882
445.00000000000000;0.22656653982177;0.98854597687377
446.00000000000000;0.23141793518271;0.99472655038880
447.00000000000000;0.23613947589557;1.00134447097706
448.00000000000000;0.24043947102153;1.00706805588960
449.00000000000000;0.24396746751669;1.01063290499244
450.00000000000000;0.24940538924610;1.01542108259533
451.00000000000000;0.25386739982642;1.01871213505273
452.00000000000000;0.25753256481370;1.02145647226718
453.00000000000000;0.26149422329580;1.02283624475575
454.00000000000000;0.26557359535437;1.02406743623783
455.00000000000000;0.03716533873726;0.67589845193376
456.00000000000000;0.06263912905165;0.70434016514458
457.00000000000000;0.08397010407184;0.73455704473700
458.00000000000000;0.10201445293557;0.76559480699102
459.00000000000000;0.11772301256144;0.79319596407918
460.00000000000000;0.13198530420186;0.81804788833477
461.00000000000000;0.14514152416313;0.84204323145009
462.00000000000000;0.15572871143088;0.86312409025246
463.00000000000000;0.16558479763271;0.88253699301636
464.00000000000000;0.17584301986452;0.89902344269756
465.00000000000000;0.18418560438819;0.91518194354146
466.00000000000000;0.19177626876927;0.92941011215119
467.00000000000000;0.19910804361604;0.94115520423439
468.00000000000000;0.20621247964041;0.95219843555282
469.00000000000000;0.21327745413251;0.96141663540217
470.00000000000000;0.21968387365174;0.97141759096764
471.00000000000000;0.22507014936601;0.97911151770311
472.00000000000000;0.22983246250727;0.98619040965478
473.00000000000000;0.23615022540870;0.99234226776874
474.00000000000000;0.24098124856147;0.99611524215386
475.00000000000000;0.24529344953616;1.00066719263226
476.00000000000000;0.25060664417322;1.00438424991574
477.00000000000000;0.25526543589601;1.00763023203095
478.00000000000000;0.26046904703852;1.01001401402374
479.00000000000000;0.26488243610338;1.01172354403045
480.00000000000000;0.02628431695718;0.58379162291729
481.00000000000000;0.04819688819626;0.63091272437153
482.00000000000000;0.06847563606850;0.67530273612653
483.00000000000000;0.08494633221170;0.71284425898101
484.00000000000000;0.09953833405663;0.74497448293223
485.00000000000000;0.11398789597255;0.77789524038155
486.00000000000000;0.12681484017484;0.80549775685067
487.00000000000000;0.13845981823531;0.83009574971975
488.00000000000000;0.15044188861025;0.85176947947031
489.00000000000000;0.16114036150181;0.87144568625832
490.00000000000000;0.17006164373779;0.88938174253897
491.00000000000000;0.17954448357231;0.90544513279036
492.00000000000000;0.18772750862188;0.91848981243243
493.00000000000000;0.19588373383973;0.93130107779559
494.00000000000000;0.20424299937504;0.94196379973793
495.00000000000000;0.21136488143179;0.95212200493080
496.00000000000000;0.21793868968321;0.96142419580536
497.00000000000000;0.22389147965759;0.96919710667416
498.00000000000000;0.23038240865536;0.97454612751517
499.00000000000000;0.23663022843527;0.98072288538798
500.00000000000000;0.24208996935329;0.98560444172740
501.00000000000000;0.24698115530666;0.99035624808723
502.00000000000000;0.25287932072639;0.99349565422628
503.00000000000000;0.25811319921363;0.99609262638116
504.00000000000000;0.26337829168819;0.99819075449884
505.00000000000000;0.00503173381542;0.49614024737523
506.00000000000000;0.02255274626651;0.55942998864397
507.00000000000000;0.04054947345031;0.61459390864478
508.00000000000000;0.05913970817622;0.66128619789805
509.00000000000000;0.07584523346466;0.70267894292812
510.00000000000000;0.09131537372111;0.73972159821259
511.00000000000000;0.10447758917719;0.76946264395369
512.00000000000000;0.11854008681476;0.79657289789711
513.00000000000000;0.13189240508975;0.82142184234773
514.00000000000000;0.14308920306417;0.84364953671269
515.00000000000000;0.15508241133427;0.86365465815841
516.00000000000000;0.16569705630630;0.88098670649281
517.00000000000000;0.17554368941577;0.89555816134286
518.00000000000000;0.18552396435368;0.90904362361582
519.00000000000000;0.19395043848171;0.92139933410039
520.00000000000000;0.20181251693543;0.93252859809615
521.00000000000000;0.20941860564027;0.94242302354376
522.00000000000000;0.21744816543789;0.95241375228366
523.00000000000000;0.22469265712639;0.95843508009280
524.00000000000000;0.23045589635765;0.96523730213149
525.00000000000000;0.23692631083299;0.97015049453628
526.00000000000000;0.24327974928818;0.97495165429790
527.00000000000000;0.24949872464153;0.97763396366110
528.00000000000000;0.25577798353168;0.98128209911871
529.00000000000000;0.26190632201116;0.98321548127312
530.00000000000000;-0.03454290834293;0.42695921452586
531.00000000000000;-0.01820305445979;0.49590790058548
532.00000000000000;0.00251259338593;0.55691981152285
533.00000000000000;0.02370453894974;0.60980631190992
534.00000000000000;0.04298430665053;0.65928299138242
535.00000000000000;0.06317793848745;0.70012938381239
536.00000000000000;0.08119705481966;0.73489621560971
537.00000000000000;0.09665606321339;0.76396251987591
538.00000000000000;0.11198154437418;0.79078937822101
539.00000000000000;0.12538461349476;0.81402690600582
540.00000000000000;0.13837280294499;0.83591752647419
541.00000000000000;0.15089864930450;0.85409240001093
542.00000000000000;0.16167443669932;0.87086777765152
543.00000000000000;0.17215910064431;0.88703364223148
544.00000000000000;0.18295665725208;0.90204910109789
545.00000000000000;0.19247093278954;0.91389849974607
546.00000000000000;0.20098938639228;0.92403654718396
547.00000000000000;0.20948147800185;0.93334011077957
548.00000000000000;0.21755814300198;0.94237299482384
549.00000000000000;0.22505923323140;0.94953142946989
550.00000000000000;0.23240241025204;0.95379208397353
551.00000000000000;0.23950771505757;0.95820363942934
552.00000000000000;0.24681842577910;0.96298424286738
553.00000000000000;0.25358618059309;0.96597549478533
554.00000000000000;0.26053978366264;0.96718511806305
555.00000000000000;0.25727467316046;0.93462965516042
556.00000000000000;0.25538504392321;0.91659047834330
557.00000000000000;0.25438718906335;0.89660322175800
558.00000000000000;0.25168858424671;0.87674546307819
559.00000000000000;0.25098365568664;0.85544154073066
560.00000000000000;0.24891070922351;0.83296997491103
561.00000000000000;0.24674260988449;0.80988982295312
562.00000000000000;0.24417699080476;0.78305245401739
563.00000000000000;0.24192787642188;0.75593582744982
564.00000000000000;0.24012718563625;0.72830335631883
565.00000000000000;0.23828971886597;0.69684787552412
566.00000000000000;0.23678588560175;0.66385072173643
567.00000000000000;0.23596525506095;0.63231189871596
568.00000000000000;0.23445068687471;0.59753917272157
569.00000000000000;0.23228176934903;0.56062953125589
570.00000000000000;0.23007425122017;0.52272136019305
571.00000000000000;0.22749450745185;0.48345625202584
572.00000000000000;0.22665621896927;0.44513678427287
573.00000000000000;0.22589439944092;0.40397318041479
574.00000000000000;0.22403698620787;0.36045852668656
575.00000000000000;0.22306422005991;0.31882107007992
576.00000000000000;0.22222336795435;0.27520446580125
577.00000000000000;0.22097025579824;0.23152734696325
578.00000000000000;0.21999284798521;0.18609536170825
579.00000000000000;0.21717094965528;0.14206372173636
580.00000000000000;0.24842670222751;0.93195617553670
581.00000000000000;0.24528238817959;0.91449571163280
582.00000000000000;0.24327416190570;0.89413240812255
583.00000000000000;0.24053220407853;0.87374852664034
584.00000000000000;0.23688278259933;0.85301286435915
585.00000000000000;0.23412582568170;0.82989200170041
586.00000000000000;0.22994034929293;0.80605787581175
587.00000000000000;0.22669415326941;0.77923975694264
588.00000000000000;0.22430632828329;0.75201621669931
589.00000000000000;0.22050461154365;0.72432234187920
590.00000000000000;0.21654573619068;0.69473244013120
591.00000000000000;0.21525233021030;0.66244414788013
592.00000000000000;0.21366592838545;0.62991763812420
593.00000000000000;0.20910690132228;0.59387829995120
594.00000000000000;0.20630439351398;0.55681902821608
595.00000000000000;0.20359479853556;0.51902909220850
596.00000000000000;0.20066885431835;0.48092978630794
597.00000000000000;0.19861020706384;0.44205247725930
598.00000000000000;0.19455200957757;0.40033392770073
599.00000000000000;0.19445206800574;0.35653458468238
600.00000000000000;0.19296805655579;0.31640526852314
601.00000000000000;0.19064276635311;0.27187580090224
602.00000000000000;0.18917017295317;0.22811104997075
603.00000000000000;0.18858947470074;0.18336090850719
604.00000000000000;0.18640129482690;0.13935101316828
605.00000000000000;0.23952877370806;0.92863270732239
606.00000000000000;0.23566437750577;0.91018039929988
607.00000000000000;0.23207712640448;0.89137735344138
608.00000000000000;0.22808400320006;0.87115011117023
609.00000000000000;0.22308732827678;0.84885134596255
610.00000000000000;0.21901590565030;0.82519964155357
611.00000000000000;0.21277033969220;0.79999950965390
612.00000000000000;0.20907106793437;0.77472931675726
613.00000000000000;0.20585345293959;0.74749687110768
614.00000000000000;0.20035307363956;0.71931990173504
615.00000000000000;0.19548801987500;0.68919893711752
616.00000000000000;0.19086363263945;0.65786984707748
617.00000000000000;0.18790217919310;0.62273818781799
618.00000000000000;0.18387478265363;0.58675443953945
619.00000000000000;0.18008109676851;0.55267378787058
620.00000000000000;0.17568388096275;0.51543466739859
621.00000000000000;0.17246121507719;0.47626007447134
622.00000000000000;0.16850305244139;0.43666414923074
623.00000000000000;0.16444066839654;0.39532994576578
624.00000000000000;0.16444182903042;0.35520808392608
625.00000000000000;0.16096662045503;0.31150018758655
626.00000000000000;0.15861563326991;0.26675628445529
627.00000000000000;0.15623525964499;0.22367877918715
628.00000000000000;0.15505117594983;0.17946977186318
629.00000000000000;0.15413339186753;0.13644650990525
630.00000000000000;0.23005401807260;0.92498234465752
631.00000000000000;0.22525899166072;0.90611635842598
632.00000000000000;0.22157044372103;0.88717339829515
633.00000000000000;0.21511696307228;0.86495230728491
634.00000000000000;0.20984004596351;0.84304418728900
635.00000000000000;0.20339380324233;0.81963866159776
636.00000000000000;0.19750919024107;0.79408981165334
637.00000000000000;0.19199589129140;0.76833724855120
638.00000000000000;0.18643215751784;0.74117232734342
639.00000000000000;0.18018963257495;0.71131026354487
640.00000000000000;0.17470990149632;0.68124459914658
641.00000000000000;0.16798781951890;0.65075721921474
642.00000000000000;0.16305404911759;0.61721367983853
643.00000000000000;0.15841674735805;0.58154807860448
644.00000000000000;0.15406800930740;0.54473887409094
645.00000000000000;0.14816217027586;0.50754273640475
646.00000000000000;0.14400536617382;0.46957661293311
647.00000000000000;0.13958981948479;0.43004115043504
648.00000000000000;0.13576754229694;0.39135693452397
649.00000000000000;0.13316719652604;0.34955841571783
650.00000000000000;0.12971102074455;0.30613427502230
651.00000000000000;0.12624337581885;0.26242841438413
652.00000000000000;0.12368141267340;0.22052920756567
653.00000000000000;0.12269050868969;0.17645101393189
654.00000000000000;0.12273871770534;0.13382482444380
655.00000000000000;0.22113546259436;0.91879513836904
656.00000000000000;0.21573861228392;0.90083712595843
657.00000000000000;0.20908647320117;0.87963595878131
658.00000000000000;0.20274641501764;0.85806501454567
659.00000000000000;0.19608352762461;0.83549351016272
660.00000000000000;0.18804171019065;0.81145102663400
661.00000000000000;0.18137719193468;0.78657980648993
662.00000000000000;0.17455336869215;0.76063610437398
663.00000000000000;0.16703166255327;0.73230557807908
664.00000000000000;0.16014817633414;0.70328202906962
665.00000000000000;0.15344977283988;0.67131897463011
666.00000000000000;0.14569272321323;0.64053504707622
667.00000000000000;0.13831806411711;0.61049133564902
668.00000000000000;0.13323914570101;0.57377664562184
669.00000000000000;0.12611787187292;0.53777606522840
670.00000000000000;0.12091321052019;0.50022940505178
671.00000000000000;0.11522741733152;0.46107044181177
672.00000000000000;0.11069162462381;0.42256760361083
673.00000000000000;0.10769818987587;0.38361328727468
674.00000000000000;0.10085590577270;0.34145395144965
675.00000000000000;0.09806880527365;0.29974478702363
676.00000000000000;0.09534339386800;0.25854787586987
677.00000000000000;0.09255694816995;0.21674984824446
678.00000000000000;0.09192556454644;0.17433719232631
679.00000000000000;0.09146228888712;0.13199052039719
680.00000000000000;0.21228585622967;0.91174974254332
681.00000000000000;0.20471388608106;0.89269345296183
682.00000000000000;0.19703399921576;0.87248935277948
683.00000000000000;0.18933328885333;0.84940748847580
684.00000000000000;0.18212229415878;0.82594363488089
685.00000000000000;0.17348547694208;0.80244025186330
686.00000000000000;0.16519130807999;0.77796031245842
687.00000000000000;0.15530990570757;0.75068957890654
688.00000000000000;0.14722379501425;0.72181753847367
689.00000000000000;0.13949199548187;0.69125348386518
690.00000000000000;0.13145009078692;0.66169989439054
691.00000000000000;0.12400954387095;0.63031364668355
692.00000000000000;0.11573679209957;0.59746146526803
693.00000000000000;0.10716375564100;0.56291531312893
694.00000000000000;0.10007424683136;0.52737938904733
695.00000000000000;0.09195507573041;0.49023175699758
696.00000000000000;0.08675090096577;0.45064892105527
697.00000000000000;0.08160841487539;0.41399619075954
698.00000000000000;0.07565905849624;0.37302427452411
699.00000000000000;0.07114539720076;0.33504709590151
700.00000000000000;0.06914336058044;0.29346689330641
701.00000000000000;0.06394519908391;0.25253002153875
702.00000000000000;0.06155504694877;0.21333838826727
703.00000000000000;0.06002679636555;0.17050927063643
704.00000000000000;0.05946569895832;0.12890540340168
705.00000000000000;0.20194474291536;0.90333813300252
706.00000000000000;0.19426506363944;0.88361190742056
707.00000000000000;0.18454937598904;0.86343653886458
708.00000000000000;0.17600261528107;0.83993907136785
709.00000000000000;0.16726624888335;0.81539893843812
710.00000000000000;0.15697004844307;0.79116791657920
711.00000000000000;0.14727962442998;0.76521592988608
712.00000000000000;0.13642371726541;0.73787015498152
713.00000000000000;0.12717069735252;0.71001884025078
714.00000000000000;0.11845597705446;0.68066597536033
715.00000000000000;0.10927448882642;0.64912935264628
716.00000000000000;0.10171341173085;0.61778906162448
717.00000000000000;0.09160108881434;0.58299988731092
718.00000000000000;0.08262512103216;0.54948109105850
719.00000000000000;0.07348605495461;0.51376681649991
720.00000000000000;0.06444577714329;0.47833729582317
721.00000000000000;0.05894986041998;0.44111330959148
722.00000000000000;0.05326569017613;0.40311065666819
723.00000000000000;0.04727247538192;0.36377906695352
724.00000000000000;0.04174460317482;0.32750773642341
725.00000000000000;0.03838901098170;0.28636521065349
726.00000000000000;0.03494248367307;0.24523991140535
727.00000000000000;0.03296351559823;0.20790721203076
728.00000000000000;0.02976734651578;0.16658200590003
729.00000000000000;0.02860986625919;0.12652816605248
730.00000000000000;0.19154803608731;0.89503694386741
731.00000000000000;0.18161596984377;0.87400552030375
732.00000000000000;0.17197380558260;0.85069547707472
733.00000000000000;0.16192182420197;0.82781080291766
734.00000000000000;0.15100607149808;0.80392039617656
735.00000000000000;0.14069951567639;0.77754853107818
736.00000000000000;0.12943358308804;0.75100005003963
737.00000000000000;0.11876996759498;0.72403189104338
738.00000000000000;0.10855266477114;0.69636766616223
739.00000000000000;0.09652770071192;0.66636583596186
740.00000000000000;0.08647278792152;0.63489968982514
741.00000000000000;0.07660044886302;0.60229276443553
742.00000000000000;0.06767114249344;0.56790742327007
743.00000000000000;0.05637148709859;0.53363873139226
744.00000000000000;0.04734164318190;0.49792769002924
745.00000000000000;0.03780380010813;0.46358918417522
746.00000000000000;0.03080454604767;0.42863315415571
747.00000000000000;0.02533318781978;0.39127761462737
748.00000000000000;0.01851240443031;0.35376426192883
749.00000000000000;0.01319172472327;0.31628572413980
750.00000000000000;0.00798062951899;0.27851830711724
751.00000000000000;0.00531867215908;0.23974637328210
752.00000000000000;0.00375205212185;0.20112256443650
753.00000000000000;0.00114845316955;0.16101026299748
754.00000000000000;-0.00044810848942;0.12242442985688
755.00000000000000;0.18075640238334;0.88377730628907
756.00000000000000;0.16974251249062;0.86179625477868
757.00000000000000;0.15885452423119;0.83919560317379
758.00000000000000;0.14619153740069;0.81397787580619
759.00000000000000;0.13494025722201;0.78957263630252
760.00000000000000;0.12313608205120;0.76276187080193
761.00000000000000;0.11161201773056;0.73547262650362
762.00000000000000;0.09969789657664;0.70811726209474
763.00000000000000;0.08747020021419;0.67988261478094
764.00000000000000;0.07504094380967;0.64881206279255
765.00000000000000;0.06328412092859;0.61723882642101
766.00000000000000;0.05277881214150;0.58483377213549
767.00000000000000;0.04137270762327;0.55212689326777
768.00000000000000;0.03055629989837;0.51658700921230
769.00000000000000;0.02165216811981;0.48271513891879
770.00000000000000;0.01452030521919;0.44943026549738
771.00000000000000;0.00530939039909;0.41495145641637
772.00000000000000;-0.00341255498860;0.37823217486442
773.00000000000000;-0.00966998317023;0.34200301270137
774.00000000000000;-0.01564055372477;0.30543800781175
775.00000000000000;-0.01891326073935;0.26889026160367
776.00000000000000;-0.02279905798982;0.23352710158528
777.00000000000000;-0.02477932168359;0.19507134986618
778.00000000000000;-0.02806526757082;0.15577970461976
779.00000000000000;-0.02888706442709;0.11853013708650
780.00000000000000;0.16965424888519;0.87060287019066
781.00000000000000;0.15745574530479;0.84837781366483
782.00000000000000;0.14454007101183;0.82388907358795
783.00000000000000;0.13119424358414;0.79890154884671
784.00000000000000;0.11770402254832;0.77443070504705
785.00000000000000;0.10527450757177;0.74640556019395
786.00000000000000;0.09220500775717;0.71933786776720
787.00000000000000;0.07999712189063;0.68995228375706
788.00000000000000;0.06666799496654;0.66090226962146
789.00000000000000;0.05324873334891;0.62947667575044
790.00000000000000;0.04014020527836;0.60012761355075
791.00000000000000;0.02889035413193;0.56667246778331
792.00000000000000;0.01593950235914;0.53300787660178
793.00000000000000;0.00570591398913;0.50023973430923
794.00000000000000;-0.00258050340014;0.46736370894333
795.00000000000000;-0.01204824828120;0.43414567517029
796.00000000000000;-0.02153140914086;0.39862068422882
797.00000000000000;-0.02990844607934;0.36373236157599
798.00000000000000;-0.03685065629197;0.33017492201372
799.00000000000000;-0.04161543450682;0.29366017475324
800.00000000000000;-0.04472474618771;0.25739454126056
801.00000000000000;-0.04946461670337;0.22383354707882
802.00000000000000;-0.05326801151094;0.18803016294337
803.00000000000000;-0.05546357246182;0.15146856710871
804.00000000000000;-0.05541552457314;0.11628809461751
805.00000000000000;0.15746078220655;0.85672772628200
806.00000000000000;0.14345582903079;0.83295503324997
807.00000000000000;0.12986900952541;0.80760897186878
808.00000000000000;0.11551264259011;0.78162922371222
809.00000000000000;0.10111782621555;0.75607906449925
810.00000000000000;0.08708592797767;0.72796524187523
811.00000000000000;0.07289417601499;0.70112002966932
812.00000000000000;0.05925234477565;0.67210117556736
813.00000000000000;0.04485129785595;0.63984202927558
814.00000000000000;0.03178713949535;0.60944492086601
815.00000000000000;0.01718310875182;0.57994725176441
816.00000000000000;0.00425667063127;0.54676309550936
817.00000000000000;-0.00812004116606;0.51343195948183
818.00000000000000;-0.01808537867612;0.48003590513362
819.00000000000000;-0.02823093940744;0.44823904289728
820.00000000000000;-0.03861662115317;0.41453933649330
821.00000000000000;-0.04829396701296;0.38121195173477
822.00000000000000;-0.05520462345036;0.34762233308009
823.00000000000000;-0.06189299225325;0.31464868190515
824.00000000000000;-0.06813086938213;0.28110391446354
825.00000000000000;-0.07125146438001;0.24788008743888
826.00000000000000;-0.07509407365217;0.21440938219539
827.00000000000000;-0.07893237063689;0.17998970145529
828.00000000000000;-0.08180256027005;0.14627546759897
829.00000000000000;-0.08169750814877;0.11348723881595
830.00000000000000;0.14476934773935;0.83987725354985
831.00000000000000;0.12985210472915;0.81435318351540
832.00000000000000;0.11388445127000;0.78953449043098
833.00000000000000;0.09926234628404;0.76329521329590
834.00000000000000;0.08366760213260;0.73630638003513
835.00000000000000;0.06837775626844;0.70867960797986
836.00000000000000;0.05347411229545;0.67980036167602
837.00000000000000;0.03734659413144;0.64972196696402
838.00000000000000;0.02316396210199;0.61842937438517
839.00000000000000;0.00862568483664;0.58750251627809
840.00000000000000;-0.00646016756072;0.55682297568044
841.00000000000000;-0.01977379420230;0.52451927095940
842.00000000000000;-0.03248666764636;0.49337169248345
843.00000000000000;-0.04408233753339;0.46169512209228
844.00000000000000;-0.05421996270028;0.42781537451003
845.00000000000000;-0.06332096185569;0.39496081265274
846.00000000000000;-0.07305035823457;0.36351291262400
847.00000000000000;-0.08023226656573;0.33187182958966
848.00000000000000;-0.08643552606986;0.30005379725629
849.00000000000000;-0.09221959706734;0.26944910332003
850.00000000000000;-0.09675375068958;0.23827765721211
851.00000000000000;-0.10057849262877;0.20421178837724
852.00000000000000;-0.10444437937106;0.17227471202114
853.00000000000000;-0.10547306922598;0.14050247039672
854.00000000000000;-0.10693539717794;0.10955601581439
855.00000000000000;0.13089677067239;0.82223355915145
856.00000000000000;0.11534615923410;0.79554984583036
857.00000000000000;0.09832280555794;0.76920248020105
858.00000000000000;0.08186512305069;0.74277397452415
859.00000000000000;0.06612448113905;0.71497884402993
860.00000000000000;0.04847680851846;0.68594347671270
861.00000000000000;0.03174940237699;0.65561589094754
862.00000000000000;0.01445125949283;0.62596540954885
863.00000000000000;0.00073025912604;0.59580404681210
864.00000000000000;-0.01429719984375;0.56386674040295
865.00000000000000;-0.03006743394288;0.53300093960166
866.00000000000000;-0.04360339044897;0.50071301829261
867.00000000000000;-0.05673591096555;0.47001042042092
868.00000000000000;-0.06970790278004;0.43869432208137
869.00000000000000;-0.07921248430133;0.40663197023003
870.00000000000000;-0.08753168322634;0.37547993861239
871.00000000000000;-0.09586833679320;0.34467677401624
872.00000000000000;-0.10404262858926;0.31659093246453
873.00000000000000;-0.10892271418991;0.28740221870938
874.00000000000000;-0.11521640600352;0.25617942728602
875.00000000000000;-0.12087902371028;0.22591671101312
876.00000000000000;-0.12435875790694;0.19367389987501
877.00000000000000;-0.12756764598772;0.16499385418759
878.00000000000000;-0.12926839172384;0.13613407078290
879.00000000000000;-0.13012361884726;0.10617274964947
880.00000000000000;0.11630590656654;0.80093985449696
881.00000000000000;0.10017589927440;0.77484792143223
882.00000000000000;0.08314213125687;0.74637743880118
883.00000000000000;0.06327532314417;0.71851972004165
884.00000000000000;0.04595153376062;0.68980795921073
885.00000000000000;0.02710337899641;0.65988273844068
886.00000000000000;0.01043163639766;0.63002950148990
887.00000000000000;-0.00650612188275;0.60032982042658
888.00000000000000;-0.02238796068219;0.56990615704311
889.00000000000000;-0.03854819805295;0.53954842911556
890.00000000000000;-0.05416737825355;0.50685116035656
891.00000000000000;-0.06860927889378;0.47639702826190
892.00000000000000;-0.08081356495172;0.44626402238884
893.00000000000000;-0.09212497631717;0.41550739820384
894.00000000000000;-0.10166567258377;0.38685130381206
895.00000000000000;-0.11108639111561;0.35643674513621
896.00000000000000;-0.11900603687879;0.32720210560721
897.00000000000000;-0.12559707464749;0.29921669818757
898.00000000000000;-0.13215511343419;0.27076470175132
899.00000000000000;-0.13833530286462;0.24296299945290
900.00000000000000;-0.14287876845170;0.21360913499271
901.00000000000000;-0.14649588750663;0.18555214600322
902.00000000000000;-0.14846617750766;0.15687811745775
903.00000000000000;-0.15067080035844;0.13022127806691
904.00000000000000;-0.15208450192649;0.10277658789150
905.00000000000000;0.10260975141150;0.77799299741382
906.00000000000000;0.08359071392552;0.75077370022684
907.00000000000000;0.06312844432043;0.72116445356143
908.00000000000000;0.04513900138077;0.69243265672057
909.00000000000000;0.02543079964406;0.66371401025374
910.00000000000000;0.00641652631780;0.63428604528767
911.00000000000000;-0.01153186896768;0.60391875329398
912.00000000000000;-0.02993081457666;0.57243497028492
913.00000000000000;-0.04637390137796;0.54204039488973
914.00000000000000;-0.06275036399052;0.51106099059680
915.00000000000000;-0.07732631190218;0.48070372378020
916.00000000000000;-0.09158772968367;0.45069023066528
917.00000000000000;-0.10337953910485;0.42211150700370
918.00000000000000;-0.11404942934674;0.39331947451984
919.00000000000000;-0.12488113163947;0.36559197206224
920.00000000000000;-0.13268166099828;0.33659875331441
921.00000000000000;-0.14033876169330;0.30904240020009
922.00000000000000;-0.14709433301847;0.28206535769931
923.00000000000000;-0.15383479762777;0.25457295557837
924.00000000000000;-0.15945139092952;0.22744334966900
925.00000000000000;-0.16441217182093;0.20127623143601
926.00000000000000;-0.16721024655963;0.17553220501541
927.00000000000000;-0.16876213167776;0.14987210481221
928.00000000000000;-0.17062733515948;0.12412923905325
929.00000000000000;-0.17235373206309;0.09818838567606
930.00000000000000;0.08567088490227;0.75408196091147
931.00000000000000;0.06615534829030;0.72369560423401
932.00000000000000;0.04456415459547;0.69475071724688
933.00000000000000;0.02411551068177;0.66417458813767
934.00000000000000;0.00397065316592;0.63312523112638
935.00000000000000;-0.01537706269694;0.60363474429757
936.00000000000000;-0.03531171807687;0.57332651710600
937.00000000000000;-0.05305752871681;0.54212633117182
938.00000000000000;-0.07040426662622;0.51173230271195
939.00000000000000;-0.08601724210496;0.48125055123383
940.00000000000000;-0.09984695370028;0.45236693979882
941.00000000000000;-0.11377844286374;0.42526783280680
942.00000000000000;-0.12530584480778;0.39712710102127
943.00000000000000;-0.13588893652605;0.36895424917513
944.00000000000000;-0.14674584925988;0.34252441917158
945.00000000000000;-0.15448299874729;0.31611380811470
946.00000000000000;-0.16122738390279;0.29036687229686
947.00000000000000;-0.16797841757219;0.26360646393683
948.00000000000000;-0.17404193266398;0.23806364770492
949.00000000000000;-0.17896736325573;0.21408310303603
950.00000000000000;-0.18360542808687;0.18972586267999
951.00000000000000;-0.18550281559516;0.16627389498330
952.00000000000000;-0.18811537512196;0.14095471032226
953.00000000000000;-0.18880960253117;0.11784357725672
954.00000000000000;-0.18979828285060;0.09395238782457
955.00000000000000;0.06872308300132;0.72707871563099
956.00000000000000;0.04594473888135;0.69379545929338
957.00000000000000;0.02421263796346;0.66335525499987
958.00000000000000;0.00264004318701;0.63261965741127
959.00000000000000;-0.01862619235874;0.60130220835344
960.00000000000000;-0.03828628972925;0.56977751703943
961.00000000000000;-0.05839675135546;0.53963863533936
962.00000000000000;-0.07702639850258;0.50923648532094
963.00000000000000;-0.09315849887987;0.47967711780998
964.00000000000000;-0.10972665936107;0.45254013800367
965.00000000000000;-0.12201584851412;0.42382122293684
966.00000000000000;-0.13504906936767;0.39711149939408
967.00000000000000;-0.14785287140914;0.37141334312291
968.00000000000000;-0.15771054622286;0.34576555120370
969.00000000000000;-0.16716344500409;0.32061543879555
970.00000000000000;-0.17462535540513;0.29634030106339
971.00000000000000;-0.18182894912370;0.27109607163835
972.00000000000000;-0.18766640071959;0.24646649106608
973.00000000000000;-0.19247875720218;0.22428443890280
974.00000000000000;-0.19765245176146;0.20135899983261
975.00000000000000;-0.20092107683634;0.17889585084760
976.00000000000000;-0.20399141321197;0.15681047361093
977.00000000000000;-0.20526076544107;0.13533610918276
978.00000000000000;-0.20563984079286;0.11293824551785
979.00000000000000;-0.20598333824705;0.08938817168026
980.00000000000000;0.04874322353197;0.69433362437117
981.00000000000000;0.02573346032511;0.66109845102238
982.00000000000000;0.00063595289971;0.62808759866216
983.00000000000000;-0.02136807353125;0.59478024054717
984.00000000000000;-0.04308078370008;0.56392932906289
985.00000000000000;-0.06241808679583;0.53394523196333
986.00000000000000;-0.08224962600698;0.50405858852132
987.00000000000000;-0.10066503859688;0.47567824444274
988.00000000000000;-0.11612759801376;0.44824524301988
989.00000000000000;-0.13162735082309;0.42129770215358
990.00000000000000;-0.14424280602275;0.39431867514039
991.00000000000000;-0.15629866768109;0.36874931154790
992.00000000000000;-0.16803010663092;0.34548720377666
993.00000000000000;-0.17757786146803;0.32022678921819
994.00000000000000;-0.18677202490966;0.29769169737508
995.00000000000000;-0.19346122554592;0.27608129704115
996.00000000000000;-0.20095441222679;0.25300524306668
997.00000000000000;-0.20544999374714;0.23097228933650
998.00000000000000;-0.21022320819909;0.20957306596999
999.00000000000000;-0.21363891914987;0.18742938936683
1000.00000000000000;-0.21717874962421;0.16711173001695
1001.00000000000000;-0.21920336717860;0.14796988683552
1002.00000000000000;-0.22142235647234;0.12818242208389
1003.00000000000000;-0.22180354463181;0.10697349038749
1004.00000000000000;-0.22186363260114;0.08545522052383
1005.00000000000000;0.02770099896848;0.66034026865567
1006.00000000000000;0.00226988510150;0.62393419756357
1007.00000000000000;-0.02139284566953;0.58834379305558
1008.00000000000000;-0.04362475638977;0.55508190259832
1009.00000000000000;-0.06618829320632;0.52582145800041
1010.00000000000000;-0.08704244699050;0.49639292792291
1011.00000000000000;-0.10626458130218;0.46723538723579
1012.00000000000000;-0.12337438846995;0.44011159161493
1013.00000000000000;-0.13883894898422;0.41354861186972
1014.00000000000000;-0.15159021353709;0.38985503162778
1015.00000000000000;-0.16522736756079;0.36464874716341
1016.00000000000000;-0.17725828249980;0.34109861353938
1017.00000000000000;-0.18787503215235;0.31939724860260
1018.00000000000000;-0.19633042977253;0.29841947120559
1019.00000000000000;-0.20442305979074;0.27683692628365
1020.00000000000000;-0.21197490761961;0.25571232540045
1021.00000000000000;-0.21780843284780;0.23517031382298
1022.00000000000000;-0.22224161103599;0.21486598197720
1023.00000000000000;-0.22667045125028;0.19457020722689
1024.00000000000000;-0.22909826325678;0.17606529354530
1025.00000000000000;-0.23150861354263;0.15693520365128
1026.00000000000000;-0.23363363578981;0.13945201706322
1027.00000000000000;-0.23503727290041;0.12135543677968
1028.00000000000000;-0.23641224108982;0.10218777679521
1029.00000000000000;-0.23647120148182;0.08297245636222
1030.00000000000000;0.00507376959541;0.61874054271007
1031.00000000000000;-0.02160978598127;0.58285974485228
1032.00000000000000;-0.04651616381046;0.54695189757316
1033.00000000000000;-0.06978041640605;0.51360089029962
1034.00000000000000;-0.09089762681507;0.48248687065878
1035.00000000000000;-0.11130850243365;0.45492312834206
1036.00000000000000;-0.12889643748275;0.42960932468105
1037.00000000000000;-0.14444722306102;0.40445651803407
1038.00000000000000;-0.15931437411375;0.38091139362429
1039.00000000000000;-0.17276078251552;0.35771860821526
1040.00000000000000;-0.18541130062948;0.33543819977705
1041.00000000000000;-0.19605777786858;0.31553993602219
1042.00000000000000;-0.20492666211680;0.29505892724455
1043.00000000000000;-0.21394296414281;0.27505095571345
1044.00000000000000;-0.22151929943882;0.25506479708133
1045.00000000000000;-0.22750597966612;0.23498104952564
1046.00000000000000;-0.23376208740729;0.21735282711197
1047.00000000000000;-0.23776041041931;0.19982050702634
1048.00000000000000;-0.24064380729318;0.18216814467529
1049.00000000000000;-0.24285362313109;0.16557768187950
1050.00000000000000;-0.24523858135135;0.14771293626473
1051.00000000000000;-0.24677114722150;0.13124180040182
1052.00000000000000;-0.24809971114861;0.11354807233938
1053.00000000000000;-0.24951576523339;0.09672491675634
1054.00000000000000;-0.24910193020273;0.07979104918625
1055.00000000000000;-0.02032780945823;0.57282154084982
1056.00000000000000;-0.04806261153100;0.53431921832308
1057.00000000000000;-0.07210017157288;0.49980310591081
1058.00000000000000;-0.09337992866429;0.46789287013198
1059.00000000000000;-0.11310070672685;0.43944628204806
1060.00000000000000;-0.13280497362690;0.41338042652936
1061.00000000000000;-0.15012184107994;0.39123051649546
1062.00000000000000;-0.16497362035887;0.36677294379718
1063.00000000000000;-0.17922613992760;0.34557785904811
1064.00000000000000;-0.19156506604995;0.32523066952838
1065.00000000000000;-0.20215625080525;0.30604615165983
1066.00000000000000;-0.21284103611294;0.28808518636116
1067.00000000000000;-0.22179588186743;0.26924080530194
1068.00000000000000;-0.22982798536973;0.25182338445614
1069.00000000000000;-0.23636577923198;0.23406899711068
1070.00000000000000;-0.24228866575168;0.21802288186336
1071.00000000000000;-0.24658312235835;0.20230965169769
1072.00000000000000;-0.25121499211920;0.18653596953552
1073.00000000000000;-0.25370423508165;0.17058247989951
1074.00000000000000;-0.25505238026989;0.15498312105379
1075.00000000000000;-0.25737057669618;0.13936436309767
1076.00000000000000;-0.25821744260784;0.12286959614446
1077.00000000000000;-0.26022585096013;0.10868826365880
1078.00000000000000;-0.26085253142207;0.09320047471821
1079.00000000000000;-0.26063303206613;0.07684326675586
1080.00000000000000;-0.04755124942219;0.52002976313424
1081.00000000000000;-0.07388254894196;0.48320700353724
1082.00000000000000;-0.09888585401865;0.45044694338592
1083.00000000000000;-0.11860889461490;0.42035361458087
1084.00000000000000;-0.13625141979287;0.39347828661318
1085.00000000000000;-0.15360974775840;0.37065552511445
1086.00000000000000;-0.16998387187522;0.35067432299180
1087.00000000000000;-0.18456440860151;0.33014835650649
1088.00000000000000;-0.19727495491340;0.31230999958395
1089.00000000000000;-0.20757884556933;0.29424346643666
1090.00000000000000;-0.21845676499551;0.27795428071816
1091.00000000000000;-0.22803505088115;0.26165143901173
1092.00000000000000;-0.23621960632512;0.24653311950268
1093.00000000000000;-0.24377251059852;0.23061568485588
1094.00000000000000;-0.24898103235920;0.21624147886951
1095.00000000000000;-0.25430480032473;0.20225302095744
1096.00000000000000;-0.25908735084696;0.18741164865917
1097.00000000000000;-0.26222419097635;0.17358029459278
1098.00000000000000;-0.26524261120526;0.16016671155989
1099.00000000000000;-0.26747883541817;0.14666916152421
1100.00000000000000;-0.26821931588470;0.13137288010712
1101.00000000000000;-0.26983527179420;0.11755343846165
1102.00000000000000;-0.27057134820483;0.10357404999350
1103.00000000000000;-0.27109781214095;0.08973900484764
1104.00000000000000;-0.27118498209578;0.07463352856037
1105.00000000000000;-0.07315285743092;0.46419316051041
1106.00000000000000;-0.10155173555722;0.42983143578650
1107.00000000000000;-0.12316160406786;0.39677857667317
1108.00000000000000;-0.14182927035915;0.37064019778618
1109.00000000000000;-0.15728938691175;0.34829494920271
1110.00000000000000;-0.17245740455433;0.32820554210273
1111.00000000000000;-0.18844351020387;0.30972979695522
1112.00000000000000;-0.20079897689839;0.29514751142623
1113.00000000000000;-0.21205373476699;0.28012876543516
1114.00000000000000;-0.22284651470302;0.26542239389677
1115.00000000000000;-0.23170956836739;0.25112365942883
1116.00000000000000;-0.24104769256469;0.23762852228859
1117.00000000000000;-0.24916234268689;0.22511353396693
1118.00000000000000;-0.25564542328599;0.21319681451332
1119.00000000000000;-0.26111080105377;0.19951539746644
1120.00000000000000;-0.26576534956660;0.18763275151734
1121.00000000000000;-0.26925905942913;0.17468517533788
1122.00000000000000;-0.27258100299226;0.16154610648905
1123.00000000000000;-0.27449937359668;0.14898871678372
1124.00000000000000;-0.27765237336038;0.13781051085895
1125.00000000000000;-0.27870518026888;0.12473236859314
1126.00000000000000;-0.27878927002757;0.11157533677252
1127.00000000000000;-0.27959094964198;0.09979512410662
1128.00000000000000;-0.28007173449531;0.08663626521649
1129.00000000000000;-0.28034907768494;0.07262803447613
1130.00000000000000;-0.09957216128069;0.40439404229911
1131.00000000000000;-0.12673979563744;0.37133583816715
1132.00000000000000;-0.14659903756571;0.34544262876202
1133.00000000000000;-0.16279592474777;0.32425441000835
1134.00000000000000;-0.17634302319276;0.30447861446763
1135.00000000000000;-0.18925685868556;0.28722394113632
1136.00000000000000;-0.20258324497144;0.27438449807780
1137.00000000000000;-0.21514907494549;0.26210255214019
1138.00000000000000;-0.22552937521781;0.24949345584636
1139.00000000000000;-0.23560108027509;0.23869498434680
1140.00000000000000;-0.24372641048350;0.22702229866718
1141.00000000000000;-0.25176515857219;0.21534950124553
1142.00000000000000;-0.25967056147368;0.20577747777458
1143.00000000000000;-0.26642000692592;0.19515684085595
1144.00000000000000;-0.27176958538061;0.18375589130042
1145.00000000000000;-0.27525916435074;0.17412869927804
1146.00000000000000;-0.27821830585565;0.16310474724255
1147.00000000000000;-0.28145563984322;0.15173873139628
1148.00000000000000;-0.28364329230556;0.14072895168703
1149.00000000000000;-0.28552871815788;0.13038257790735
1150.00000000000000;-0.28739294528045;0.11993453276031
1151.00000000000000;-0.28764423987646;0.10732782944844
1152.00000000000000;-0.28832372594804;0.09466176642824
1153.00000000000000;-0.28873908607133;0.08367497272745
1154.00000000000000;-0.28876521098116;0.07095438566783
1155.00000000000000;-0.12605224262192;0.33707970060125
1156.00000000000000;-0.14962469863568;0.31244986803094
1157.00000000000000;-0.16545581947866;0.29294529197154
1158.00000000000000;-0.18034786459074;0.27614895261774
1159.00000000000000;-0.19220428304418;0.26101278171682
1160.00000000000000;-0.20350462663999;0.24947288433306
1161.00000000000000;-0.21512702486700;0.23928852814112
1162.00000000000000;-0.22674816742007;0.23041916040297
1163.00000000000000;-0.23555834913127;0.22192701227729
1164.00000000000000;-0.24566300328292;0.21345410916593
1165.00000000000000;-0.25386944377345;0.20440053056631
1166.00000000000000;-0.26109088361479;0.19562345231598
1167.00000000000000;-0.26858286013704;0.18660252478805
1168.00000000000000;-0.27531821393596;0.17893348457257
1169.00000000000000;-0.27987135791448;0.17030671997116
1170.00000000000000;-0.28381948578973;0.16123583868284
1171.00000000000000;-0.28654449059781;0.15167119036481
1172.00000000000000;-0.28916552075974;0.14385870139207
1173.00000000000000;-0.29174963231239;0.13418391203918
1174.00000000000000;-0.29346242327350;0.12354776026692
1175.00000000000000;-0.29462927489830;0.11370392940181
1176.00000000000000;-0.29619569385288;0.10326550865987
1177.00000000000000;-0.29649127514892;0.09166581305319
1178.00000000000000;-0.29624435967350;0.08089895915037
1179.00000000000000;-0.29654678449174;0.06939718232228
1180.00000000000000;-0.21597677297793;0.01435991131498
1181.00000000000000;-0.19909742292809;0.13293988091399
1182.00000000000000;-0.19917960010580;0.12023811452145
1183.00000000000000;-0.19957599275572;0.11003036088189
1184.00000000000000;-0.19935031863096;0.10083054535732
1185.00000000000000;-0.19968586756158;0.09208201256686
1186.00000000000000;-0.19970315737794;0.08365491360349
1187.00000000000000;-0.20018465388489;0.07550045081066
1188.00000000000000;-0.19990686438337;0.06698822443228
1189.00000000000000;-0.20105344256680;0.05865925979241
1190.00000000000000;-0.20208118518591;0.05092748421714
1191.00000000000000;-0.20366789916723;0.04319392200334
1192.00000000000000;-0.20579933055818;0.03557645476666
1193.00000000000000;-0.20843826475951;0.02862176199470
1194.00000000000000;-0.21133704966488;0.02267961933208
1195.00000000000000;-0.21404558911170;0.01782653180390
1196.00000000000000;-0.21356205057416;0.01185514901409
1197.00000000000000;-0.20983433760219;0.00755999176268
1198.00000000000000;-0.36456470266796;0.03705321405763
1199.00000000000000;-0.36198432532531;0.03642517382024
1200.00000000000000;-0.35914447986192;0.03472830384673
1201.00000000000000;-0.35541126703158;0.03270470685664
1202.00000000000000;-0.35127020852468;0.03061869123356
1203.00000000000000;-0.34598234638992;0.02845870944187
1204.00000000000000;-0.34085789146009;0.02676124805408
1205.00000000000000;-0.33473578145884;0.02474830810840
1206.00000000000000;-0.32862343620051;0.02333314409697
1207.00000000000000;-0.32173831345045;0.02185903869280
1208.00000000000000;-0.31492783935617;0.02034139123741
1209.00000000000000;-0.30761526229348;0.01909817533591
1210.00000000000000;-0.30002014133780;0.01810534928769
1211.00000000000000;-0.29219329855487;0.01703658358318
1212.00000000000000;-0.28395614280142;0.01651151784762
1213.00000000000000;-0.27571325890920;0.01513883067465
1214.00000000000000;-0.26766619530807;0.01461296660602
1215.00000000000000;-0.25942863479563;0.01394327706273
1216.00000000000000;-0.25122835641252;0.01313543572001
1217.00000000000000;-0.24284422463552;0.01287750017308
1218.00000000000000;-0.23428617755584;0.01325674051254
1219.00000000000000;-0.22702916434775;0.01347393503905
1220.00000000000000;-0.22048531723689;0.01364698788023
1221.00000000000000;-0.20351447142156;0.01185249039620
1222.00000000000000;-0.19833494576274;0.01762872296832
1223.00000000000000;-0.19364807781201;0.02428195130934
1224.00000000000000;-0.19018345277281;0.03114425926251
1225.00000000000000;-0.18742710718727;0.03930735394391
1226.00000000000000;-0.18597539697606;0.04707680335796
1227.00000000000000;-0.18475630898900;0.05578166808204
1228.00000000000000;-0.18425051177526;0.06413486443962
1229.00000000000000;-0.18403027277783;0.07267201634048
1230.00000000000000;-0.18314269359911;0.08137060787523
1231.00000000000000;-0.18236384716432;0.09009534374146
1232.00000000000000;-0.18079721567819;0.09923922280306
1233.00000000000000;-0.17907046181133;0.10909463552169
1234.00000000000000;-0.17703606355324;0.11988181197705
1235.00000000000000;-0.17221359367903;0.13020302103829
1236.00000000000000;-0.20894840117303;0.01552372726134
1237.00000000000000;-0.20479547590114;0.02078320892015
1238.00000000000000;-0.20106338581339;0.02691098123727
1239.00000000000000;-0.19784425604741;0.03374404288389
1240.00000000000000;-0.19593674532048;0.04131180669306
1241.00000000000000;-0.19407069617178;0.04897687098776
1242.00000000000000;-0.19287687350541;0.05712657991759
1243.00000000000000;-0.19235496246283;0.06574414085213
1244.00000000000000;-0.19213016767168;0.07391521415400
1245.00000000000000;-0.19141864478353;0.08240107143543
1246.00000000000000;-0.19093036020400;0.09089444081377
1247.00000000000000;-0.19047736337287;0.10010236022116
1248.00000000000000;-0.18926206690884;0.10903854482831
1249.00000000000000;-0.18780858649874;0.11884011203525
1250.00000000000000;-0.18709023286195;0.13104750433655
1251.00000000000000;-0.20877535731668;0.13358083317413
1252.00000000000000;-0.21790195749145;0.13351919404216
1253.00000000000000;-0.22700468362527;0.13351653505400
1254.00000000000000;-0.23617030587020;0.13391653409578
1255.00000000000000;-0.24456004015315;0.13393910589507
1256.00000000000000;-0.25360880406720;0.13386365265501
1257.00000000000000;-0.26139421546727;0.13344701104004
1258.00000000000000;-0.26918738223140;0.13332117498294
1259.00000000000000;-0.27677227218579;0.13268755108076
1260.00000000000000;-0.28372954336172;0.13163825653556
1261.00000000000000;-0.29101996799540;0.13014415349021
1262.00000000000000;-0.29683075698531;0.12809109313798
1263.00000000000000;-0.30181325443001;0.12493268441259
1264.00000000000000;-0.30661544581364;0.12123987700425
1265.00000000000000;-0.31157782100717;0.11683515626084
1266.00000000000000;-0.31536374985406;0.11166609281794
1267.00000000000000;-0.31882633610350;0.10671720702930
1268.00000000000000;-0.32091004174365;0.10039359772916
1269.00000000000000;-0.32371409930225;0.09393693824468
1270.00000000000000;-0.32521576845889;0.08658975362183
1271.00000000000000;-0.32689964915652;0.07811333479629
1272.00000000000000;-0.32799968469387;0.07000163895015
1273.00000000000000;-0.32927089259557;0.06089016708103
1274.00000000000000;-0.20907311725633;0.12181528415752
1275.00000000000000;-0.21807372897180;0.12220935733073
1276.00000000000000;-0.22707322476873;0.12298743964764
1277.00000000000000;-0.23607420230146;0.12358115727737
1278.00000000000000;-0.24455045151314;0.12401071135331
1279.00000000000000;-0.25338351790080;0.12434477115654
1280.00000000000000;-0.26144911463852;0.12479508111111
1281.00000000000000;-0.26966252454162;0.12461284281265
1282.00000000000000;-0.27716427601062;0.12427782828729
1283.00000000000000;-0.28494783741365;0.12335581334228
1284.00000000000000;-0.29216819254803;0.12259824187276
1285.00000000000000;-0.29836093690257;0.12086871855953
1286.00000000000000;-0.30425101517211;0.11839256083909
1287.00000000000000;-0.30917268550035;0.11480488856488
1288.00000000000000;-0.31381476489320;0.11064884608788
1289.00000000000000;-0.31835795664852;0.10657585894072
1290.00000000000000;-0.32200243005858;0.10241921627442
1291.00000000000000;-0.32535957494602;0.09661851794076
1292.00000000000000;-0.32794914524473;0.09011933949353
1293.00000000000000;-0.33035572074488;0.08331896037420
1294.00000000000000;-0.33233724995041;0.07593191942463
1295.00000000000000;-0.33298065494505;0.06797063442652
1296.00000000000000;-0.33403122821084;0.05939948696106
1297.00000000000000;-0.20914100475631;0.11139642994182
1298.00000000000000;-0.21787601706135;0.11220245570431
1299.00000000000000;-0.22681506347884;0.11337803961993
1300.00000000000000;-0.23588816015870;0.11410056796871
1301.00000000000000;-0.24417022811860;0.11473221860085
1302.00000000000000;-0.25272069201054;0.11540902128833
1303.00000000000000;-0.26127537878428;0.11585201766324
1304.00000000000000;-0.26940946892066;0.11604673347835
1305.00000000000000;-0.27775493773479;0.11570282217293
1306.00000000000000;-0.28543997027783;0.11542761960076
1307.00000000000000;-0.29315778085464;0.11497108050040
1308.00000000000000;-0.29929357796684;0.11319697795284
1309.00000000000000;-0.30588318357886;0.11142641926817
1310.00000000000000;-0.31177002077743;0.10878122372113
1311.00000000000000;-0.31687598412740;0.10544055869338
1312.00000000000000;-0.32083941227162;0.10143189631094
1313.00000000000000;-0.32542508687817;0.09728412411064
1314.00000000000000;-0.32910907414071;0.09211848409984
1315.00000000000000;-0.33147917685552;0.08669943086059
1316.00000000000000;-0.33437200105364;0.08019191771816
1317.00000000000000;-0.33659013205628;0.07319649450055
1318.00000000000000;-0.33776640289197;0.06660787518365
1319.00000000000000;-0.33881528669975;0.05850248366048
1320.00000000000000;-0.20851993854182;0.10203314933455
1321.00000000000000;-0.21743261656252;0.10287469341131
1322.00000000000000;-0.22643538793208;0.10428056736743
1323.00000000000000;-0.23547287446833;0.10523343436138
1324.00000000000000;-0.24424072582338;0.10579534853392
1325.00000000000000;-0.25292931156690;0.10662677007369
1326.00000000000000;-0.26175768621963;0.10703260121035
1327.00000000000000;-0.26992369072133;0.10763064361274
1328.00000000000000;-0.27777660915987;0.10752457404331
1329.00000000000000;-0.28569376113994;0.10747630565380
1330.00000000000000;-0.29344720712840;0.10725966031389
1331.00000000000000;-0.30059148440898;0.10615607239821
1332.00000000000000;-0.30730815959955;0.10436142340313
1333.00000000000000;-0.31321539016783;0.10262541019841
1334.00000000000000;-0.31883424983020;0.10003418233446
1335.00000000000000;-0.32356839492158;0.09626826474271
1336.00000000000000;-0.32812097498769;0.09241405116917
1337.00000000000000;-0.33230559150690;0.08795516177881
1338.00000000000000;-0.33567254864087;0.08309758591161
1339.00000000000000;-0.33793986785601;0.07755222704210
1340.00000000000000;-0.34057539665382;0.07095618899932
1341.00000000000000;-0.34243943688959;0.06441439016920
1342.00000000000000;-0.34387855503542;0.05702713549656
1343.00000000000000;-0.20854006078659;0.09301872990222
1344.00000000000000;-0.21709487609218;0.09408991737111
1345.00000000000000;-0.22632427132595;0.09535932894856
1346.00000000000000;-0.23522452437827;0.09637654948705
1347.00000000000000;-0.24401112279769;0.09744494419925
1348.00000000000000;-0.25262939552489;0.09800957184340
1349.00000000000000;-0.26113244122715;0.09843217815337
1350.00000000000000;-0.26973851393588;0.09901006698641
1351.00000000000000;-0.27782264178558;0.09942582522377
1352.00000000000000;-0.28628607197203;0.09961046622661
1353.00000000000000;-0.29367982242812;0.09949692607521
1354.00000000000000;-0.30128966442823;0.09897150051159
1355.00000000000000;-0.30821278603312;0.09759661022657
1356.00000000000000;-0.31500024841768;0.09603158842886
1357.00000000000000;-0.32049146316026;0.09430785900936
1358.00000000000000;-0.32620763990695;0.09103754658807
1359.00000000000000;-0.33039046676428;0.08729192658168
1360.00000000000000;-0.33515474531559;0.08345086545965
1361.00000000000000;-0.33882856257803;0.07945819175021
1362.00000000000000;-0.34218628727082;0.07382368613111
1363.00000000000000;-0.34438983602215;0.06822469572487
1364.00000000000000;-0.34633836855969;0.06217991545290
1365.00000000000000;-0.34806328818619;0.05522587939867
1366.00000000000000;-0.20832384132251;0.08484619736291
1367.00000000000000;-0.21688600019303;0.08639551437862
1368.00000000000000;-0.22579554223134;0.08704752401762
1369.00000000000000;-0.23466037852805;0.08771346954136
1370.00000000000000;-0.24392671444270;0.08869202604004
1371.00000000000000;-0.25246559021363;0.08938077895900
1372.00000000000000;-0.26100029444872;0.09000216541867
1373.00000000000000;-0.26951758310227;0.09086632443004
1374.00000000000000;-0.27780575398146;0.09115794308489
1375.00000000000000;-0.28609443023190;0.09144022356363
1376.00000000000000;-0.29400619017993;0.09152608740087
1377.00000000000000;-0.30168171926986;0.09147200729244
1378.00000000000000;-0.30884001090932;0.09097560842810
1379.00000000000000;-0.31593487996814;0.08974108678243
1380.00000000000000;-0.32230724283874;0.08800015405775
1381.00000000000000;-0.32810703054662;0.08517884143991
1382.00000000000000;-0.33304487348920;0.08224710570620
1383.00000000000000;-0.33730980186789;0.07882301115620
1384.00000000000000;-0.34172661885392;0.07516438166366
1385.00000000000000;-0.34556495254838;0.07056211380544
1386.00000000000000;-0.34776440173462;0.06499264572008
1387.00000000000000;-0.34997367626699;0.05965532105570
1388.00000000000000;-0.35198714576862;0.05336101989487
1389.00000000000000;-0.20839459558598;0.07651348446778
1390.00000000000000;-0.21680238383964;0.07747782904255
1391.00000000000000;-0.22561507186452;0.07823277341299
1392.00000000000000;-0.23446173338674;0.07914964278884
1393.00000000000000;-0.24329506794947;0.07994909702182
1394.00000000000000;-0.25218144487087;0.08057339586842
1395.00000000000000;-0.26094693845118;0.08162216406676
1396.00000000000000;-0.26945020965604;0.08239142705482
1397.00000000000000;-0.27801606480987;0.08309383357604
1398.00000000000000;-0.28614750202972;0.08360561341748
1399.00000000000000;-0.29422736218142;0.08365921404516
1400.00000000000000;-0.30203617504854;0.08436077079320
1401.00000000000000;-0.30964223541621;0.08370500632236
1402.00000000000000;-0.31669616220435;0.08254625361619
1403.00000000000000;-0.32374440893047;0.08150879899292
1404.00000000000000;-0.32971351508909;0.07944280426263
1405.00000000000000;-0.33496664741576;0.07717061501127
1406.00000000000000;-0.33970378579202;0.07449207460461
1407.00000000000000;-0.34404095436853;0.07053053401260
1408.00000000000000;-0.34758007996571;0.06694580631674
1409.00000000000000;-0.35114561263768;0.06189886524159
1410.00000000000000;-0.35320147810172;0.05722120553491
1411.00000000000000;-0.35520332826356;0.05207919923408
1412.00000000000000;-0.20845115320595;0.06825889568437
1413.00000000000000;-0.21712206614654;0.06911874463516
1414.00000000000000;-0.22590784056325;0.07024110673595
1415.00000000000000;-0.23443487488495;0.07076204059218
1416.00000000000000;-0.24327746001075;0.07162138965214
1417.00000000000000;-0.25205665494131;0.07260413443471
1418.00000000000000;-0.26065921975196;0.07346965267195
1419.00000000000000;-0.26919467399104;0.07415420566994
1420.00000000000000;-0.27780221175985;0.07484111332785
1421.00000000000000;-0.28653824835892;0.07576160176825
1422.00000000000000;-0.29442302633411;0.07601165740715
1423.00000000000000;-0.30256089307209;0.07622733590098
1424.00000000000000;-0.30984670382560;0.07603718727200
1425.00000000000000;-0.31709046784880;0.07576253021483
1426.00000000000000;-0.32435619452857;0.07522617936480
1427.00000000000000;-0.33067896102711;0.07350971599851
1428.00000000000000;-0.33630849126662;0.07177566369127
1429.00000000000000;-0.34172138864591;0.06928392620822
1430.00000000000000;-0.34627663776352;0.06645455979365
1431.00000000000000;-0.34996531119598;0.06294020306108
1432.00000000000000;-0.35381610608843;0.05901549666162
1433.00000000000000;-0.35580134487185;0.05536371749157
1434.00000000000000;-0.35791343999146;0.05090477953261
1435.00000000000000;-0.20893404712862;0.06007210680483
1436.00000000000000;-0.21771192731736;0.06083368041699
1437.00000000000000;-0.22605190139968;0.06183334179045
1438.00000000000000;-0.23481401893435;0.06286584028843
1439.00000000000000;-0.24375481308787;0.06352548505691
1440.00000000000000;-0.25219230822491;0.06455623200384
1441.00000000000000;-0.26107386348235;0.06524816682508
1442.00000000000000;-0.26947531052353;0.06604545169523
1443.00000000000000;-0.27795415659175;0.06717273710811
1444.00000000000000;-0.28649428987392;0.06773698776890
1445.00000000000000;-0.29463693453266;0.06814098353136
1446.00000000000000;-0.30271635098583;0.06853657536560
1447.00000000000000;-0.31058231200706;0.06867188404243
1448.00000000000000;-0.31806478231039;0.06814230234384
1449.00000000000000;-0.32541284427543;0.06806530860497
1450.00000000000000;-0.33223280493171;0.06738979005189
1451.00000000000000;-0.33826136134731;0.06592007647538
1452.00000000000000;-0.34365910314394;0.06414250139441
1453.00000000000000;-0.34810060842025;0.06200003695338
1454.00000000000000;-0.35193575714472;0.05913073596857
1455.00000000000000;-0.35558169392462;0.05632868936464
1456.00000000000000;-0.35776865566628;0.05328985839095
1457.00000000000000;-0.36002641386734;0.04916411389494
1458.00000000000000;-0.21014347870517;0.05211387908545
1459.00000000000000;-0.21875807074952;0.05294987496678
1460.00000000000000;-0.22728966825517;0.05375669737390
1461.00000000000000;-0.23555785017492;0.05467342084441
1462.00000000000000;-0.24424099792650;0.05538620917621
1463.00000000000000;-0.25305387609978;0.05656778132315
1464.00000000000000;-0.26180702776103;0.05703000101424
1465.00000000000000;-0.27015755019617;0.05789487546877
1466.00000000000000;-0.27899055690557;0.05894509807979
1467.00000000000000;-0.28692860759043;0.05977142977438
1468.00000000000000;-0.29526330154009;0.06020739502288
1469.00000000000000;-0.30349195853350;0.06109761489752
1470.00000000000000;-0.31108479867652;0.06154046381578
1471.00000000000000;-0.31855008465533;0.06186592377081
1472.00000000000000;-0.32592793630928;0.06157571950936
1473.00000000000000;-0.33330151863320;0.06114556572183
1474.00000000000000;-0.33948976672471;0.06010738636159
1475.00000000000000;-0.34478201271187;0.05923022956344
1476.00000000000000;-0.34994138342890;0.05770539820406
1477.00000000000000;-0.35398248199718;0.05555057816940
1478.00000000000000;-0.35724923992854;0.05343075480359
1479.00000000000000;-0.36006199510682;0.05062560643904
1480.00000000000000;-0.36202751987783;0.04730760930574
1481.00000000000000;-0.21184390103697;0.04396720959639
1482.00000000000000;-0.21987983285161;0.04515677843579
1483.00000000000000;-0.22849290529990;0.04621885912440
1484.00000000000000;-0.23683163542772;0.04674981279455
1485.00000000000000;-0.24549824223725;0.04785243718664
1486.00000000000000;-0.25416096546363;0.04839388452973
1487.00000000000000;-0.26305333718601;0.04918875248717
1488.00000000000000;-0.27108215727494;0.05042692899574
1489.00000000000000;-0.27977607851138;0.05134228638624
1490.00000000000000;-0.28770731092466;0.05200548672494
1491.00000000000000;-0.29569513070620;0.05252325869364
1492.00000000000000;-0.30411048667991;0.05353721022730
1493.00000000000000;-0.31206448990346;0.05417208922928
1494.00000000000000;-0.31959130502336;0.05479441540033
1495.00000000000000;-0.32656765456927;0.05463936224693
1496.00000000000000;-0.33387526352109;0.05463161893028
1497.00000000000000;-0.34029624005444;0.05461901402799
1498.00000000000000;-0.34585849401586;0.05375274639609
1499.00000000000000;-0.35091088680411;0.05320625962313
1500.00000000000000;-0.35497117562580;0.05194930905813
1501.00000000000000;-0.35891982851298;0.05033124440348
1502.00000000000000;-0.36166577488749;0.04869645855987
1503.00000000000000;-0.36360980480930;0.04574034709577
1504.00000000000000;-0.21371881889066;0.03673863681983
1505.00000000000000;-0.22176823404607;0.03787306948959
1506.00000000000000;-0.22987422426017;0.03884973755629
1507.00000000000000;-0.23787561781479;0.03944065409634
1508.00000000000000;-0.24700637095282;0.04002177255728
1509.00000000000000;-0.25546296829205;0.04108154656421
1510.00000000000000;-0.26408582968801;0.04189818859935
1511.00000000000000;-0.27221809171035;0.04281574173178
1512.00000000000000;-0.28074933412667;0.04368041513702
1513.00000000000000;-0.28861990626367;0.04438094746615
1514.00000000000000;-0.29708138850088;0.04553162626127
1515.00000000000000;-0.30491557977038;0.04628656815004
1516.00000000000000;-0.31276491092883;0.04693234530333
1517.00000000000000;-0.32020731616957;0.04762998234048
1518.00000000000000;-0.32735185700813;0.04799758385816
1519.00000000000000;-0.33430133844642;0.04837137934733
1520.00000000000000;-0.34086749661330;0.04867719958089
1521.00000000000000;-0.34663609793320;0.04871775827715
1522.00000000000000;-0.35169873197486;0.04844073460704
1523.00000000000000;-0.35625095186105;0.04780159089308
1524.00000000000000;-0.35979656029174;0.04688493171146
1525.00000000000000;-0.36246276258507;0.04613573086850
1526.00000000000000;-0.36466901850973;0.04404267348905
1527.00000000000000;-0.21593834723333;0.02972237010971
1528.00000000000000;-0.22317280384855;0.03110716896813
1529.00000000000000;-0.23215153535651;0.03170919679980
1530.00000000000000;-0.24033198044970;0.03223584890003
1531.00000000000000;-0.24901356465657;0.03273723345536
1532.00000000000000;-0.25721613376746;0.03384733408697
1533.00000000000000;-0.26512323680533;0.03438955440393
1534.00000000000000;-0.27337479294310;0.03522859987972
1535.00000000000000;-0.28181105352711;0.03645339502526
1536.00000000000000;-0.28982476274630;0.03714516793055
1537.00000000000000;-0.29812767485079;0.03843447556711
1538.00000000000000;-0.30614237661687;0.03938393690666
1539.00000000000000;-0.31391147402841;0.04030241566548
1540.00000000000000;-0.32092522376648;0.04106886977223
1541.00000000000000;-0.32824331776673;0.04166047322387
1542.00000000000000;-0.33487482624504;0.04227151545945
1543.00000000000000;-0.34122936972589;0.04275590601925
1544.00000000000000;-0.34712251782508;0.04328846617248
1545.00000000000000;-0.35236405858843;0.04342730987533
1546.00000000000000;-0.35667673261920;0.04387918656761
1547.00000000000000;-0.36033717966961;0.04346322294739
1548.00000000000000;-0.36267518833523;0.04359392802725
1549.00000000000000;-0.36518482498500;0.04244132207172
1550.00000000000000;-0.21822509528916;0.02400766212454
1551.00000000000000;-0.22546372482744;0.02486978045724
1552.00000000000000;-0.23363511345328;0.02549289844379
1553.00000000000000;-0.24161708575300;0.02551969604869
1554.00000000000000;-0.24981578079535;0.02632949406592
1555.00000000000000;-0.25803224659176;0.02703844947116
1556.00000000000000;-0.26631363756379;0.02771645635748
1557.00000000000000;-0.27477978359558;0.02857909909044
1558.00000000000000;-0.28280201793411;0.02959015296571
1559.00000000000000;-0.29079596167158;0.03043290380786
1560.00000000000000;-0.29880862028501;0.03134191460375
1561.00000000000000;-0.30651056492552;0.03214114210768
1562.00000000000000;-0.31427887186522;0.03350167898514
1563.00000000000000;-0.32143198585731;0.03450065763304
1564.00000000000000;-0.32855736433868;0.03535723209852
1565.00000000000000;-0.33520332998481;0.03602367636116
1566.00000000000000;-0.34157262521400;0.03712752098777
1567.00000000000000;-0.34742561143733;0.03817096517601
1568.00000000000000;-0.35249867990361;0.03898329703013
1569.00000000000000;-0.35690155911341;0.04001444853255
1570.00000000000000;-0.36046064414001;0.04048177304997
1571.00000000000000;-0.36305363742364;0.04131165882648
1572.00000000000000;-0.36521442482933;0.04095151041461
1573.00000000000000;-0.21989243422152;0.01844372621692
1574.00000000000000;-0.22710961746038;0.01900960317251
1575.00000000000000;-0.23406039829217;0.01931750466936
1576.00000000000000;-0.24216169956343;0.01940002264992
1577.00000000000000;-0.25071135005107;0.01995590886185
1578.00000000000000;-0.25896890076266;0.02023945853535
1579.00000000000000;-0.26678096856559;0.02088980391341
1580.00000000000000;-0.27515139508228;0.02161639551794
1581.00000000000000;-0.28368285371900;0.02264661410251
1582.00000000000000;-0.29141880950966;0.02377169174234
1583.00000000000000;-0.29931942728216;0.02450344865720
1584.00000000000000;-0.30714951781533;0.02565988229899
1585.00000000000000;-0.31472441116767;0.02684009158139
1586.00000000000000;-0.32213800488665;0.02792177570434
1587.00000000000000;-0.32917665219510;0.02946828899338
1588.00000000000000;-0.33504144763355;0.03050381482227
1589.00000000000000;-0.34158023642433;0.03196120602049
1590.00000000000000;-0.34678116760018;0.03334532585987
1591.00000000000000;-0.35193023831412;0.03450969454622
1592.00000000000000;-0.35612237902168;0.03629236346174
1593.00000000000000;-0.36009565182700;0.03780359242387
1594.00000000000000;-0.36273449920786;0.03890625041554
1595.00000000000000;-0.36499899588351;0.03911201133076
1596.00000000000000;-0.36360328626968;0.03525220406298
1597.00000000000000;-0.36094876756254;0.03337627403051
1598.00000000000000;-0.36080993124233;0.03418539773590
1599.00000000000000;-0.35837156391810;0.03232770324289
1600.00000000000000;-0.35746743657320;0.03129757512859
1601.00000000000000;-0.35557456559616;0.02878466943290
1602.00000000000000;-0.35416545314039;0.02897838029818
1603.00000000000000;-0.35270856012193;0.02531288651775
1604.00000000000000;-0.34976347564721;0.02648042162653
1605.00000000000000;-0.34783378552691;0.02239453871576
1606.00000000000000;-0.34503459962246;0.02400047907164
1607.00000000000000;-0.34363795965976;0.01990058720824
1608.00000000000000;-0.33994355420680;0.02153198637402
1609.00000000000000;-0.33885129026958;0.01680935624335
1610.00000000000000;-0.33465396044976;0.01974645680932
1611.00000000000000;-0.33318135401146;0.01496804320645
1612.00000000000000;-0.32799300011355;0.01780048613846
1613.00000000000000;-0.32665311420105;0.01282444709096
1614.00000000000000;-0.32110815719949;0.01606832981662
1615.00000000000000;-0.31977748603174;0.01056594379001
1616.00000000000000;-0.31393015203335;0.01424129642472
1617.00000000000000;-0.31307528620063;0.00855748762979
1618.00000000000000;-0.30699717149916;0.01325997380644
1619.00000000000000;-0.30612999422248;0.00730571413676
1620.00000000000000;-0.29943768399436;0.01227629581459
1621.00000000000000;-0.29841221781762;0.00623264752543
1622.00000000000000;-0.29156499664567;0.01079851758408
1623.00000000000000;-0.29042622633365;0.00477647540648
1624.00000000000000;-0.28314413591394;0.01006028608012
1625.00000000000000;-0.28256327313373;0.00412528208698
1626.00000000000000;-0.27536508904917;0.00909199998322
1627.00000000000000;-0.27443898990108;0.00356405293941
1628.00000000000000;-0.26780763383775;0.00833846935487
1629.00000000000000;-0.26611428594065;0.00245631771442
1630.00000000000000;-0.25916328638995;0.00720062145880
1631.00000000000000;-0.25763426849938;0.00181893345693
1632.00000000000000;-0.25054636704952;0.00758551658545
1633.00000000000000;-0.24931981505911;0.00157962539026
1634.00000000000000;-0.24213564128914;0.00726717040031
1635.00000000000000;-0.24121738134734;0.00184445728075
1636.00000000000000;-0.23382729713811;0.00759129744458
1637.00000000000000;-0.23271404192668;0.00168460605098
1638.00000000000000;-0.22613087521709;0.00823985188900
1639.00000000000000;-0.22431275560801;0.00272980095068
1640.00000000000000;-0.21917360878128;0.00958010319041
1641.00000000000000;-0.21696327623617;0.00460216631855
